URL,Last crawled
https://cheft.app/_next/static/chunks/caf1c492cf4404ba.js?dpl=dpl_A8HyWB1pUigwtJ6kyXWnPGpJUQny,2026-07-20
https://www.cheft.app/shows/chefs-table-pizza,2026-06-28
https://www.cheft.app/restaurants/somerville-los-angeles,2026-06-27
https://www.cheft.app/restaurants/hales-blackbrick-tampa-tampa,2026-06-26
https://cheft.app/cities/chicago,2026-06-14
https://cheft.app/_next/static/chunks/61b0a746df11675d.js?dpl=dpl_A8HyWB1pUigwtJ6kyXWnPGpJUQny,2026-06-12
https://cheft.app/_next/static/chunks/adc5d9a154014a48.js?dpl=dpl_A8HyWB1pUigwtJ6kyXWnPGpJUQny,2026-06-10
https://cheft.app/cities/houston,2026-06-10
https://cheft.app/_next/static/chunks/d431dbbbb1bc2563.js?dpl=dpl_A8HyWB1pUigwtJ6kyXWnPGpJUQny,2026-06-10
https://cheft.app/suggest,2026-06-09
https://cheft.app/cities/miami,2026-06-07
https://cheft.app/cities/seattle,2026-06-06
https://cheft.app/$,2026-06-05
https://cheft.app/cities/new-york,2026-06-05
https://cheft.app/cities/los-angeles,2026-06-04
https://www.cheft.app/shows/top-chef-just-desserts/2010,2026-06-04
https://www.cheft.app/restaurants/mp-taverna-astoria,2026-06-03
https://cheft.app/restaurants/root-bone-indy-indianapolis-janine-booth-5-jeff-mcinnis,2026-05-12
https://cheft.app/restaurants/time-and-tide-new-york-danny-garcia,2026-05-12
https://cheft.app/restaurants/retro-by-voltaggio-las-vegas-michael-voltaggio,2026-05-12
https://cheft.app/restaurants/virtue-chicago-damarr-brown,2026-05-12
https://cheft.app/restaurants/midgleys-public-house-stockton-michael-midgley,2026-05-11
https://cheft.app/restaurants/justine-new-orleans-justin-devillier,2026-05-10
https://cheft.app/restaurants/aquagrille-juno-beach-stephen-asprinio,2026-05-08
https://cheft.app/restaurants/daybird-los-angeles-mei-lin,2026-05-07
https://www.cheft.app/restaurants/tatiana-new-york-kwame-onwuachi,2026-05-07
https://www.cheft.app/restaurants/cat-cora-s-kitchen-atlanta,2026-05-05
https://cheft.app/restaurants/sur-lie-portland-mimi-weissenborn,2026-04-15
https://cheft.app/restaurants/1-kitchen-1-hotel-nashville-nashville,2026-04-09
https://cheft.app/restaurants/southampton-cheese-shoppe-southampton-nikki-cascone,2026-04-08
https://cheft.app/restaurants/inman-social-cleveland-wesley-true,2026-04-08
https://cheft.app/restaurants/frita-batidos-detroit-eve-aronoff,2026-04-08
https://cheft.app/restaurants/d-ambrosi-chelsea-hollywood-road-london,2026-04-08
https://cheft.app/restaurants/the-butchers-club-palm-beach-gardens-jeremy-ford,2026-04-08
https://cheft.app/restaurants/roots-coastal-kitchen-rio-grande-janine-booth-5-jeff-mcinnis,2026-04-08
https://cheft.app/restaurants/yangban-los-angeles-katianna-hong,2026-04-06
https://cheft.app/restaurants/wall-street-grill-new-york-joey-paulino,2026-04-03
https://cheft.app/restaurants/sushi-by-scratch-restaurants-encino,2026-03-31
https://www.cheft.app/restaurants/mana-restaurant-leavenworth-colin-patterson,2026-03-31
https://www.cheft.app/restaurants/dive-bar-boston-tiffani-faison,2026-03-31
https://cheft.app/restaurants/girl-the-goat-chicago-chicago,2026-03-30
https://cheft.app/restaurants/the-local-peasant-woodland-hills-antonia-lofaso,2026-03-30
https://www.cheft.app/restaurants/folktable-restaurant-sonoma-casey-thompson,2026-03-30
https://www.cheft.app/restaurants/stk-steakhouse-las-vegas-las-vegas-stephen-hopcraft,2026-03-28
https://www.cheft.app/restaurants/root-bone-chesterton-chesterton-janine-booth-5-jeff-mcinnis,2026-03-28
https://www.cheft.app/restaurants/pig-khao-upper-west-side-new-york,2026-03-28
https://cheft.app/restaurants/amada-radnor-wayne-pa-wayne,2026-03-24
https://cheft.app/restaurants/tia-carmen-pheonix-angelo-sosa,2026-03-23
https://cheft.app/restaurants/maison-passerelle-printemps-new-york-new-york,2026-03-23
https://cheft.app/restaurants/the-betsy-washington-bart-vandaele,2026-03-23
https://cheft.app/restaurants/fritai-new-orleans-charly-pierre,2026-03-23
https://cheft.app/restaurants/la-belle-helene-charlotte-jamie-lynch,2026-03-22
https://cheft.app/restaurants/the-bar-the-lake-estate-on-winnisquam-tilton,2026-03-22
https://cheft.app/restaurants/cascabel-restaurant-toluca-lake,2026-03-22
https://cheft.app/restaurants/pig-khaos-duo-new-york-leah-cohen,2026-03-22
https://cheft.app/restaurants/handsome-hog-st-paul-justin-sutherland,2026-03-22
https://cheft.app/restaurants/tenderoni-s-high-street-place-boston,2026-03-22
https://cheft.app/restaurants/averde-cary-katsuji-tanabe,2026-03-21
https://cheft.app/restaurants/lingr-st-petersburg-jeffrey-jew,2026-03-21
https://cheft.app/restaurants/fox-the-knife-south-boston,2026-03-21
https://cheft.app/restaurants/pao-faena-district-miami-beach-paul-qui,2026-03-21
https://www.cheft.app/restaurants/ember-rye-carlsbad-richard-blais,2026-03-21
https://cheft.app/restaurants/f-b-restaurant-saskatoon-dale-mackay,2026-03-21
https://www.cheft.app/restaurants/vulcania-mammoth-lakes-michael-voltaggio,2026-03-21
https://cheft.app/restaurants/tulip-pasta-wine-bar-philadelphia-jason-cichonski,2026-03-20
https://cheft.app/restaurants/local-kitchen-wine-merchant-san-francisco,2026-03-20
https://cheft.app/restaurants/foode-fredericksburg-joy-crump,2026-03-20
https://cheft.app/restaurants/tin-roof-kahului-sheldon-simeon,2026-03-20
https://cheft.app/restaurants/beauty-the-butcher-coral-gables-jeremy-ford,2026-03-20
https://cheft.app/restaurants/artshack-cafe-bar-brooklyn-silvia-barban,2026-03-20
https://cheft.app/restaurants/granddam-lexington-paula-endara,2026-03-19
https://cheft.app/restaurants/knife-spoon-orlando-john-tesar,2026-03-19
https://cheft.app/restaurants/araxi-restaurant-oyster-bar-whistler-ying-gao,2026-03-19
https://cheft.app/restaurants/fox-flight-logan-airport-terminal-a-satellite-concourse-boston,2026-03-14
https://www.cheft.app/restaurants/tt-s-old-iron-brewery-barbecue-spokane,2026-03-13
https://www.cheft.app/restaurants/heirloom-at-the-st-laurent-asbury-park-david-viana,2026-03-13
https://www.cheft.app/restaurants/aba-miami-bal-harbour-chris-cj-jacobson,2026-03-13
https://www.cheft.app/restaurants/church-union-charlotte-jamie-lynch,2026-03-13
https://www.cheft.app/restaurants/fools-errand-boston-tiffani-faison,2026-03-11
https://www.cheft.app/restaurants/f-b-restaurant-saskatoon-dale-mackay,2026-03-11
https://www.cheft.app/restaurants/pao-faena-district-miami-beach-paul-qui,2026-03-11
https://www.cheft.app/restaurants/le-coq-la-jolla-brian-malarkey,2026-03-11
https://www.cheft.app/restaurants/parachute-chicago-beverly-kim,2026-03-11
https://www.cheft.app/restaurants/laguna-beach-brewery-grille-laguna-beach,2026-03-11
https://www.cheft.app/restaurants/the-local-peasant-woodland-hills-antonia-lofaso,2026-03-10
https://www.cheft.app/shows/tournament-of-champions/S05,2026-03-08
https://www.cheft.app/restaurants/roots-southern-table-farmers-branch-tiffany-derry,2026-03-07
https://www.cheft.app/restaurants/santa-rosa-taqueria-washington-spike-mendelsohn,2026-03-07
https://www.cheft.app/restaurants/shia-shia-restaurant-washington,2026-03-06
https://cheft.app/restaurants/fools-errand-boston-tiffani-faison,2026-03-06
https://www.cheft.app/restaurants/catch-catch-modern-seafood-cuisine-wilmington,2026-03-06
https://www.cheft.app/restaurants/the-side-hustle-athens,2026-03-06
https://www.cheft.app/restaurants/bureau-de-poste-austin-jo-chan,2026-03-06
https://cheft.app/restaurants/gunshow-atlanta-kevin-gillespie,2026-03-05
https://www.cheft.app/restaurants/siena-tavern-chicago-fabio-viviani,2026-03-04
https://www.cheft.app/restaurants/gunshow-atlanta-kevin-gillespie,2026-03-04
https://cheft.app/restaurants/truss-restaurant-bar-calistoga,2026-03-04
https://www.cheft.app/restaurants/moosh-new-york,2026-03-03
https://www.cheft.app/restaurants/peko-peko-avanti-boulder-boulder,2026-03-03
https://www.cheft.app/restaurants/kobo-pizza-seattle-shota-nakajima,2026-03-03
https://www.cheft.app/restaurants/adelina-chicago-soo-ahn,2026-03-02
https://cheft.app/restaurants/catch-catch-modern-seafood-cuisine-wilmington,2026-03-02
https://cheft.app/restaurants/heirloom-at-the-st-laurent-asbury-park-david-viana,2026-03-02
https://cheft.app/restaurants/the-dearborn-chicago-aaron-cuschieri,2026-03-02
https://cheft.app/restaurants/the-view-new-york,2026-03-01
https://www.cheft.app/restaurants/empire-diner-new-york,2026-03-01
https://cheft.app/shows/tournament-of-champions/S12,2026-03-01
https://cheft.app/restaurants/el-rincon-restaurante-mexicano-sedona,2026-03-01
https://www.cheft.app/restaurants/tavern-costale-st-petersburg-fabio-viviani,2026-03-01
https://cheft.app/restaurants/ha-playa-del-carmen-carlos-gaytan,2026-03-01
https://cheft.app/shows/masterchef/7,2026-03-01
https://www.cheft.app/restaurants/the-dearborn-chicago-aaron-cuschieri,2026-03-01
https://cheft.app/restaurants/vulcania-mammoth-lakes-michael-voltaggio,2026-02-28
https://cheft.app/restaurants/aba-miami-bal-harbour-chris-cj-jacobson,2026-02-28
https://www.cheft.app/restaurants/agni-columbus-avishar-barua,2026-02-27
https://www.cheft.app/restaurants/boca-tucson-maria-mazon,2026-02-27
https://www.cheft.app/shows/top-chef-amateurs/2021,2026-02-27
https://www.cheft.app/restaurants/bar-crudo-san-francisco,2026-02-27
https://www.cheft.app/restaurants/eleven18-latin-tapas-bar-colorado-springs,2026-02-27
https://www.cheft.app/restaurants/trust-bae-new-york-city,2026-02-27
https://www.cheft.app/restaurants/girl-and-the-goat-los-angeles-stephanie-izard,2026-02-27
https://www.cheft.app/restaurants/rocco-s-michigan-city,2026-02-27
https://www.cheft.app/restaurants/novecientos-grados-by-tony-hawk-san-diego,2026-02-27
https://www.cheft.app/restaurants/huso-new-york-buddha-lo,2026-02-26
https://www.cheft.app/restaurants/vim-and-victor-springfield-spike-mendelsohn,2026-02-26
https://www.cheft.app/restaurants/sushi-by-scratch-coconut-grove-phillip-frankland-lee,2026-02-26
https://www.cheft.app/restaurants/root-bone-miami-miami-janine-booth-5-jeff-mcinnis,2026-02-26
https://www.cheft.app/restaurants/silkies-chicken-champagne-bar-jacksonville-kenny-gilbert,2026-02-26
https://www.cheft.app/restaurants/catch-santa-fe-poke-santa-fe-dakota-weiss,2026-02-25
https://www.cheft.app/restaurants/arlo-grey-austin-kristen-kish,2026-02-25
https://www.cheft.app/restaurants/el-super-pan-atlanta-hector-santiago-1,2026-02-25
https://www.cheft.app/restaurants/stellas-southern-brasserie-greenville-anthony-gray,2026-02-25
https://www.cheft.app/restaurants/bywater-american-bistro-new-orleans,2026-02-25
https://www.cheft.app/restaurants/thacher-rye-frederick-bryan-voltaggio,2026-02-25
https://www.cheft.app/restaurants/north-pond-chicago-csar-murillo,2026-02-24
https://cheft.app/restaurants/tt-s-old-iron-brewery-barbecue-spokane,2026-02-24
https://cheft.app/restaurants/btween-sandwich-co-houston-michelle-wallace,2026-02-24
https://www.cheft.app/restaurants/el-super-pan-atlanta-hector-santiago,2026-02-24
https://www.cheft.app/restaurants/good-stuff-eatery-capitol-hill-washington,2026-02-24
https://cheft.app/restaurants/knife-plano-plano-john-tesar,2026-02-23
https://cheft.app/restaurants/highly-likely-los-angeles-kat-turner,2026-02-23
https://www.cheft.app/restaurants/national-arts-club-new-york-ashley-merriman,2026-02-23
https://www.cheft.app/restaurants/church-union-charleston-jamie-lynch,2026-02-23
https://www.cheft.app/restaurants/hangry-kitchen-pawtucket-stacy-cogswell-deetz,2026-02-23
https://www.cheft.app/restaurants/sushi-by-scratch-los-angeles-phillip-frankland-lee,2026-02-23
https://www.cheft.app/shows/beat-bobby-flay/28,2026-02-23
https://www.cheft.app/restaurants/girl-the-goat-los-angeles-los-angeles,2026-02-23
https://www.cheft.app/restaurants/truss-restaurant-bar-calistoga,2026-02-23
https://www.cheft.app/restaurants/santo-boulder-boulder,2026-02-23
https://cheft.app/restaurants/roots-chicken-shak-legacy-hall-plano,2026-02-23
https://www.cheft.app/restaurants/cluck-n-cleaver-calgary-nicole-gomes,2026-02-23
https://cheft.app/restaurants/siena-tavern-chicago-fabio-viviani,2026-02-23
https://cheft.app/restaurants/ansanm-milford-chris-viaud,2026-02-23
https://cheft.app/restaurants/millwrights-restaurant-simsbury-tyler-anderson,2026-02-22
https://cheft.app/restaurants/cluck-n-cleaver-beltline-calgary,2026-02-22
https://www.cheft.app/shows/chopped/2014,2026-02-22
https://www.cheft.app/restaurants/rice-house-florissant,2026-02-22
https://www.cheft.app/restaurants/frenchie-s-dips-and-tots-santa-fe,2026-02-22
https://www.cheft.app/shows/guys-grocery-games/23,2026-02-22
https://www.cheft.app/shows/top-chef/2008,2026-02-22
https://cheft.app/restaurants/toups-meatery-new-orleans-isaac-toups,2026-02-22
https://www.cheft.app/restaurants/black-cactus-avalon-jason-cichonski,2026-02-22
https://cheft.app/shows/beat-bobby-flay/28,2026-02-21
https://www.cheft.app/restaurants/charming-gardener-high-street-place-boston,2026-02-21
https://www.cheft.app/restaurants/motek-caf-miami,2026-02-21
https://www.cheft.app/shows/tournament-of-champions/S07,2026-02-21
https://www.cheft.app/restaurants/mooncusser-boston-carl-dooley,2026-02-21
https://www.cheft.app/restaurants/tepuy-collective-tepuy-dining-new-york,2026-02-21
https://www.cheft.app/restaurants/northern-soul-grand-view-lodge-pequot-lakes,2026-02-21
https://www.cheft.app/restaurants/stubborn-seed-resorts-world-las-vegas-las-vegas,2026-02-21
https://www.cheft.app/restaurants/lumi-re-lumiere-brasserie-los-angeles,2026-02-21
https://www.cheft.app/restaurants/cluck-n-cleaver-walden-calgary,2026-02-21
https://www.cheft.app/restaurants/la-cocinita-chicago-food-truck-chicago,2026-02-21
https://www.cheft.app/restaurants/amada-philadelphia-philadelphia,2026-02-21
https://www.cheft.app/restaurants/animae-san-diego-brian-malarkey,2026-02-21
https://www.cheft.app/restaurants/neon-collective-los-angeles,2026-02-21
https://www.cheft.app/restaurants/lita-aberdeen-township-david-viana,2026-02-21
https://www.cheft.app/restaurants/kembara-pheonix-angelo-sosa,2026-02-21
https://cheft.app/restaurants/southern-bistro-sandy-springs-ron-eyester,2026-02-21
https://www.cheft.app/restaurants/fox-and-the-hen-denver-carrie-baird,2026-02-21
https://cheft.app/restaurants/rebeli-n-malibu,2026-02-21
https://www.cheft.app/restaurants/grey-salt-seminole-hard-rock-hotel-casino-tampa-tampa,2026-02-21
https://www.cheft.app/shows/tournament-of-champions/S01,2026-02-21
https://www.cheft.app/restaurants/jack-charlies-no-118-new-york-ed-cotton,2026-02-21
https://cheft.app/restaurants/la-zozzona-grand-hyatt-scottsdale-resort-scottsdale,2026-02-21
https://www.cheft.app/restaurants/lumi-re-brasserie-los-angeles,2026-02-21
https://www.cheft.app/restaurants/pakpao-thai-design-district-dallas-dallas,2026-02-21
https://cheft.app/restaurants/610-magnolia-louisville-edward-lee,2026-02-21
https://www.cheft.app/shows/top-chef/S06,2026-02-20
https://www.cheft.app/restaurants/jn-houston-evelyn-garcia-1-henry-lu,2026-02-20
https://cheft.app/restaurants/las-lap-miami-miami-beach,2026-02-20
https://cheft.app/restaurants/bubble-bath-boston-tiffani-faison,2026-02-20
https://www.cheft.app/shows/tournament-of-champions/S17,2026-02-20
https://www.cheft.app/restaurants/la-zozzona-grand-hyatt-scottsdale-resort-scottsdale,2026-02-20
https://cheft.app/restaurants/acacia-house-san-francisco,2026-02-20
https://cheft.app/restaurants/fortina-armonk-armonk,2026-02-20
https://cheft.app/restaurants/dragon-tiger-noodle-co-las-vegas-summerlin-boca-park-las-vegas,2026-02-20
https://cheft.app/restaurants/pretty-bird-hot-chicken-sugar-house-salt-lake-city,2026-02-20
https://cheft.app/restaurants/garces-trading-company-cira-centre-philadelphia,2026-02-20
https://cheft.app/restaurants/big-e-egg-sandwich-shop-portland-portland,2026-02-20
https://cheft.app/restaurants/the-brown-sheep-level-8-moxy-dtla-los-angeles,2026-02-20
https://cheft.app/restaurants/madison-s-all-day-new-york,2026-02-20
https://www.cheft.app/restaurants/jokers-thieves-baltimore,2026-02-20
https://cheft.app/restaurants/1-kitchen-nashville-nashville-chris-crary,2026-02-20
https://www.cheft.app/restaurants/1-kitchen-nashville-nashville-chris-crary,2026-02-20
https://cheft.app/restaurants/adorn-bar-restaurant-four-seasons-hotel-chicago-chicago,2026-02-20
https://cheft.app/restaurants/solstice-seasonal-kitchen-bar-irvine-irvine,2026-02-20
https://cheft.app/restaurants/lemon-grove-los-angeles-marcel-vigneron,2026-02-20
https://cheft.app/restaurants/goodwood-tavern-arizona,2026-02-20
https://cheft.app/restaurants/post-office-pies-mountain-brook-mountain-brook,2026-02-20
https://cheft.app/restaurants/viva-by-ray-garcia-resorts-world-las-vegas-las-vegas,2026-02-20
https://cheft.app/restaurants/grand-fir-brewing-portland-doug-adams,2026-02-20
https://cheft.app/restaurants/lumi-re-fairmont-century-plaza-los-angeles,2026-02-20
https://cheft.app/restaurants/rack-s-fish-house-oyster-bar-delray-beach-delray-beach,2026-02-20
https://cheft.app/restaurants/cafe-colette-brooklyn-patricia-vega,2026-02-20
https://cheft.app/restaurants/mabel-gray-hazel-park-james-rigato,2026-02-20
https://cheft.app/shows/top-chef/S02,2026-02-20
https://cheft.app/restaurants/el-cochi-dorado-cochi-dorado-national-city,2026-02-20
https://cheft.app/restaurants/lumi-re-brasserie-los-angeles,2026-02-20
https://cheft.app/restaurants/tiffanys-wailuku-sheldon-simeon,2026-02-20
https://www.cheft.app/restaurants/luna-focacceria-los-angeles,2026-02-20
https://www.cheft.app/restaurants/qu-b-rbaro-level-8-moxy-dtla-los-angeles,2026-02-20
https://www.cheft.app/restaurants/bar-volpe-ristorante-pastificio-boston,2026-02-20
https://www.cheft.app/restaurants/221-south-oak-telluride-eliza-gavin,2026-02-20
https://www.cheft.app/restaurants/roots-chicken-shak-austin-austin-tiffany-derry,2026-02-20
https://www.cheft.app/restaurants/frita-batidos-ann-arbor-eve-aronoff,2026-02-20
https://cheft.app/restaurants/patty-palace-time-out-market-union-square-new-york,2026-02-20
https://cheft.app/restaurants/stk-las-vegas-las-vegas,2026-02-20
https://cheft.app/restaurants/araxi-restaurant-oyster-bar-whistler,2026-02-20
https://cheft.app/restaurants/cabra-the-hoxton-los-angeles-rooftop-los-angeles,2026-02-20
https://cheft.app/restaurants/the-jetty-corona-del-mar-brian-huskey,2026-02-20
https://www.cheft.app/restaurants/social-303-san-francisco-erik-hopfinger,2026-02-20
https://cheft.app/restaurants/spice-finch-philadelphia-jennifer-carroll,2026-02-20
https://cheft.app/restaurants/heirloom-kitchen-old-bridge-david-viana,2026-02-20
https://cheft.app/restaurants/the-club-at-the-dunes-dunes-of-naples-naples,2026-02-20
https://www.cheft.app/shows/masterchef/15,2026-02-20
https://cheft.app/restaurants/eleven18-latin-tapas-bar-colorado-springs,2026-02-20
https://cheft.app/restaurants/wangs-fried-chicken-brooklyn-sara-nguyen,2026-02-19
https://cheft.app/restaurants/little-goat-diner-chicago-stephanie-izard,2026-02-19
https://cheft.app/restaurants/k-bo-pizza-seattle,2026-02-19
https://cheft.app/shows/top-chef/S21,2026-02-19
https://cheft.app/restaurants/hawkeye-huckleberry-lounge-bend-brian-malarkey,2026-02-19
https://cheft.app/restaurants/press-napa-valley-st-helena,2026-02-19
https://cheft.app/restaurants/lumi-re-lumiere-brasserie-los-angeles,2026-02-19
https://cheft.app/restaurants/yingtao-new-york,2026-02-19
https://cheft.app/restaurants/taco-asylum-san-diego,2026-02-19
https://cheft.app/restaurants/bywater-american-bistro-new-orleans,2026-02-19
https://cheft.app/restaurants/folklore-colorado-springs-brother-luck,2026-02-19
https://cheft.app/restaurants/sushi-by-scratch-chicago-phillip-frankland-lee,2026-02-19
https://cheft.app/shows/chopped/2014,2026-02-19
https://cheft.app/restaurants/the-market-place-cabazon-fabio-viviani,2026-02-19
https://cheft.app/restaurants/sit-tite-portland-bj-smith,2026-02-19
https://www.cheft.app/restaurants/a16-napa,2026-02-19
https://cheft.app/shows/chefs-table-pastry,2026-02-19
https://cheft.app/shows/tournament-of-champions/2021,2026-02-19
https://www.cheft.app/restaurants/cascabel-toluca-lake,2026-02-19
https://cheft.app/restaurants/the-graceful-ordinary-st-charles,2026-02-19
https://cheft.app/restaurants/brian-s-bar-b-q-deland,2026-02-19
https://cheft.app/restaurants/mp-taverna-williamsburg,2026-02-19
https://www.cheft.app/restaurants/ai-pono-caf-costa-mesa,2026-02-19
https://cheft.app/restaurants/locol-los-angeles,2026-02-19
https://www.cheft.app/restaurants/the-market-place-cabazon-fabio-viviani,2026-02-19
https://www.cheft.app/restaurants/girl-and-the-goat-chicago-stephanie-izard,2026-02-19
https://www.cheft.app/restaurants/cabra-the-hoxton-los-angeles-rooftop-los-angeles,2026-02-19
https://cheft.app/restaurants/ma-chicago-chicago,2026-02-19
https://www.cheft.app/restaurants/ma-chicago-chicago,2026-02-19
https://www.cheft.app/restaurants/patty-palace-time-out-market-union-square-new-york,2026-02-19
https://www.cheft.app/restaurants/stk-las-vegas-las-vegas,2026-02-19
https://cheft.app/restaurants/shuggie-s-san-francisco,2026-02-19
https://www.cheft.app/restaurants/shuggie-s-san-francisco,2026-02-19
https://www.cheft.app/restaurants/millwrights-restaurant-simsbury-tyler-anderson,2026-02-19
https://cheft.app/restaurants/jackrabbit-filly-north-charleston-shuai-wang,2026-02-19
https://cheft.app/restaurants/culture-milford,2026-02-19
https://cheft.app/shows/tournament-of-champions/S17,2026-02-19
https://cheft.app/restaurants/the-waverly-inn-new-york,2026-02-19
https://cheft.app/restaurants/brenner-pass-richmond-brittanny-anderson,2026-02-19
https://www.cheft.app/restaurants/brenner-pass-richmond-brittanny-anderson,2026-02-19
https://www.cheft.app/restaurants/the-jetty-corona-del-mar-brian-huskey,2026-02-19
https://www.cheft.app/restaurants/btween-sandwich-co-houston-michelle-wallace,2026-02-19
https://www.cheft.app/restaurants/the-club-at-the-dunes-dunes-of-naples-naples,2026-02-19
https://www.cheft.app/restaurants/folklore-colorado-springs-brother-luck,2026-02-19
https://www.cheft.app/restaurants/la-crema-estate-at-saralee-s-vineyard-windsor,2026-02-19
https://cheft.app/shows/beat-bobby-flay/38,2026-02-19
https://cheft.app/restaurants/huxley-san-francisco,2026-02-19
https://cheft.app/restaurants/black-market-liquor-bar-studio-city-antonia-lofaso,2026-02-19
https://cheft.app/restaurants/novecientos-grados-san-diego,2026-02-19
https://cheft.app/restaurants/mantra-artisan-ales-franklin,2026-02-19
https://cheft.app/restaurants/american-gymkhana-orlando,2026-02-19
https://cheft.app/restaurants/el-super-pan-atlanta-hector-santiago,2026-02-19
https://www.cheft.app/shows/tournament-of-champions/S06,2026-02-19
https://www.cheft.app/restaurants/araxi-restaurant-oyster-bar-whistler,2026-02-19
https://cheft.app/restaurants/terra-by-jeremy-ford-oranjestad,2026-02-19
https://cheft.app/shows/guys-grocery-games/23,2026-02-19
https://cheft.app/restaurants/barvera-barvera-modern-mediterranean-stamford,2026-02-19
https://cheft.app/restaurants/cheese-shoppe-southampton,2026-02-19
https://cheft.app/shows/beat-bobby-flay/4,2026-02-19
https://cheft.app/restaurants/t-nsu-tansuo-nashville,2026-02-19
https://cheft.app/restaurants/maroon-las-vegas,2026-02-19
https://cheft.app/restaurants/aba-chicago-chicago,2026-02-19
https://cheft.app/restaurants/bramble-house-vashon-lia-bardeen-lira,2026-02-19
https://cheft.app/restaurants/the-george-prime-steakhouse-oklahoma-city,2026-02-18
https://www.cheft.app/restaurants/heirloom-kitchen-old-bridge-david-viana,2026-02-18
https://www.cheft.app/restaurants/toups-meatery-new-orleans-isaac-toups,2026-02-18
https://www.cheft.app/restaurants/sobelini-jackson,2026-02-18
https://cheft.app/restaurants/pikunico-los-angeles-kuniko-yagi,2026-02-18
https://cheft.app/shows/iron-chef-america/2018,2026-02-18
https://cheft.app/shows/beat-bobby-flay/18,2026-02-18
https://cheft.app/restaurants/cluck-n-cleaver-walden-calgary,2026-02-18
https://www.cheft.app/restaurants/sushi-by-scratch-chicago-phillip-frankland-lee,2026-02-18
https://cheft.app/restaurants/rocco-s-michigan-city,2026-02-18
https://www.cheft.app/restaurants/highly-likely-west-adams-los-angeles,2026-02-18
https://cheft.app/shows/beat-bobby-flay/2020,2026-02-18
https://cheft.app/restaurants/chingu-hawai-i-honolulu,2026-02-18
https://cheft.app/shows/top-chef/S10,2026-02-18
https://cheft.app/restaurants/charming-gardener-high-street-place-boston,2026-02-18
https://cheft.app/restaurants/northern-soul-grand-view-lodge-pequot-lakes,2026-02-18
https://cheft.app/restaurants/animae-san-diego-brian-malarkey,2026-02-18
https://www.cheft.app/restaurants/catface-cafe-biddeford-mimi-weissenborn,2026-02-18
https://www.cheft.app/shows/tournament-of-champions/S11,2026-02-18
https://www.cheft.app/restaurants/dragon-tiger-noodle-co-las-vegas-spring-valley-las-vegas,2026-02-18
https://www.cheft.app/restaurants/catch-wilmington-keith-rhodes,2026-02-18
https://cheft.app/restaurants/compre-lapin-new-orleans-nina-compton,2026-02-18
https://www.cheft.app/shows/top-chef/S14,2026-02-18
https://cheft.app/restaurants/fox-and-the-hen-denver-carrie-baird,2026-02-18
https://cheft.app/restaurants/le-bernardin-new-york,2026-02-18
https://cheft.app/shows/top-chef/S03,2026-02-18
https://cheft.app/restaurants/pretty-bird-hot-chicken-downtown-salt-lake-city,2026-02-18
https://cheft.app/restaurants/black-cactus-avalon-jason-cichonski,2026-02-18
https://cheft.app/restaurants/jn-houston-evelyn-garcia-1-henry-lu,2026-02-18
https://cheft.app/shows/beat-bobby-flay/2018-2022,2026-02-18
https://cheft.app/shows/beat-bobby-flay/37,2026-02-18
https://cheft.app/restaurants/mooncusser-boston-carl-dooley,2026-02-18
https://cheft.app/shows/cutthroat-kitchen/2015,2026-02-18
https://cheft.app/restaurants/la-cocinita-evanston-evanston,2026-02-18
https://cheft.app/restaurants/kembara-pheonix-angelo-sosa,2026-02-18
https://cheft.app/restaurants/adorn-bar-restaurant-chicago,2026-02-18
https://cheft.app/restaurants/olamaie-austin-amanda-turner,2026-02-18
https://cheft.app/restaurants/lita-aberdeen-township-david-viana,2026-02-18
https://cheft.app/shows/beat-bobby-flay/season-2021,2026-02-18
https://cheft.app/restaurants/the-club-at-the-dunes-naples-gerald-sombright,2026-02-18
https://cheft.app/restaurants/ma-glenview-glenview,2026-02-18
https://cheft.app/restaurants/leona-venice-beach,2026-02-18
https://cheft.app/restaurants/jokers-thieves-baltimore,2026-02-18
https://cheft.app/restaurants/piggyback-nyc-new-york-city,2026-02-18
https://cheft.app/shows/tournament-of-champions/S06,2026-02-18
https://cheft.app/shows/tournament-of-champions/2022,2026-02-18
https://cheft.app/restaurants/buena-onda-radnor,2026-02-18
https://cheft.app/restaurants/sunny-side-up-aussie-bites-coconut-grove,2026-02-18
https://cheft.app/shows/chopped/2024,2026-02-18
https://www.cheft.app/restaurants/sushi-by-scratch-montral-phillip-frankland-lee,2026-02-18
https://cheft.app/restaurants/amada-philadelphia-philadelphia,2026-02-18
https://cheft.app/restaurants/stubborn-seed-resorts-world-las-vegas-las-vegas,2026-02-18
https://cheft.app/shows/guys-grocery-games/2019,2026-02-18
https://cheft.app/restaurants/golfstr-mmen,2026-02-18
https://cheft.app/shows/iron-chef-america/2012,2026-02-18
https://cheft.app/restaurants/the-wall-street-grill-new-york,2026-02-18
https://cheft.app/restaurants/novecientos-grados-by-tony-hawk-san-diego,2026-02-18
https://cheft.app/restaurants/empire-diner-new-york-city,2026-02-18
https://cheft.app/shows/tournament-of-champions/S07,2026-02-18
https://cheft.app/shows/iron-chef-america/2011,2026-02-18
https://cheft.app/restaurants/qu-b-rbaro-level-8-moxy-dtla-los-angeles,2026-02-18
https://cheft.app/restaurants/dakota-s-pop-parlor-santa-fe,2026-02-18
https://www.cheft.app/restaurants/salon-vert-printemps-new-york-new-york,2026-02-18
https://cheft.app/restaurants/oko-austin,2026-02-18
https://cheft.app/restaurants/sally-o-s-highlandtown,2026-02-18
https://cheft.app/restaurants/bar-crudo-san-francisco,2026-02-18
https://cheft.app/restaurants/belga-cafe-washington-bart-vandaele,2026-02-18
https://cheft.app/restaurants/freight-house-paducah-sara-bradley,2026-02-18
https://cheft.app/restaurants/chaw-top-ridge-johnstown,2026-02-18
https://cheft.app/restaurants/broken-spanish-original-dtla-location-los-angeles,2026-02-18
https://cheft.app/restaurants/girl-and-the-goat-chicago-stephanie-izard,2026-02-18
https://cheft.app/shows/guys-grocery-games/2017,2026-02-18
https://cheft.app/restaurants/la-cocinita-chicago-food-truck-chicago,2026-02-18
https://cheft.app/restaurants/motek-caf-miami,2026-02-18
https://cheft.app/shows/beat-bobby-flay/2022,2026-02-18
https://cheft.app/restaurants/ai-pono-caf-costa-mesa,2026-02-18
https://cheft.app/restaurants/the-charleston-santa-monica,2026-02-18
https://cheft.app/shows/iron-chef-america/2013,2026-02-17
https://cheft.app/restaurants/skinny-joey-s-cheesesteaks-south-philadelphia,2026-02-17
https://cheft.app/shows/guys-grocery-games/38,2026-02-17
https://cheft.app/restaurants/t-a-carmen-at-grand-hyatt-indian-wells-resort-villas-indian-wells,2026-02-17
https://cheft.app/shows/cutthroat-kitchen/2013,2026-02-17
https://cheft.app/restaurants/the-dining-room-the-lake-estate-on-winnisquam-tilton,2026-02-17
https://www.cheft.app/restaurants/spice-finch-philadelphia-jennifer-carroll,2026-02-17
https://cheft.app/restaurants/jack-charlies-no-118-new-york-ed-cotton,2026-02-17
https://cheft.app/shows/tournament-of-champions/2025,2026-02-17
https://cheft.app/shows/beat-bobby-flay/25,2026-02-17
https://www.cheft.app/restaurants/sushi-by-scratch-beverly-hills-phillip-frankland-lee,2026-02-17
https://cheft.app/restaurants/caf-jalu-new-york,2026-02-17
https://www.cheft.app/restaurants/grand-vista-lounge-grand-hyatt-scottsdale-resort-scottsdale,2026-02-17
https://cheft.app/restaurants/ten-hope-brooklyn,2026-02-17
https://cheft.app/restaurants/pakpao-thai-design-district-dallas-dallas,2026-02-17
https://cheft.app/restaurants/the-speakeasy-brooklyn,2026-02-17
https://www.cheft.app/restaurants/four-flamingos-orlando-richard-blais,2026-02-17
https://cheft.app/shows/beat-bobby-flay/12,2026-02-17
https://cheft.app/shows/tournament-of-champions/S01,2026-02-17
https://cheft.app/restaurants/frenchie-s-dips-and-tots-santa-fe,2026-02-17
https://cheft.app/restaurants/ap-caf-pop-up-brooklyn,2026-02-17
https://cheft.app/restaurants/chingu-honolulu,2026-02-17
https://cheft.app/shows/iron-chef-america/2007,2026-02-17
https://www.cheft.app/restaurants/dalida-san-francisco-laura-ozyilmaz,2026-02-17
https://www.cheft.app/restaurants/notorious-poke-albuquerque-dakota-weiss,2026-02-17
https://cheft.app/shows/chopped/2018,2026-02-17
https://www.cheft.app/restaurants/221-south-oak-bistro-telluride,2026-02-17
https://cheft.app/restaurants/m-tempura-durham-savannah-miller,2026-02-17
https://www.cheft.app/restaurants/cabaret-l-enfer-montreal,2026-02-17
https://cheft.app/restaurants/a16-oakland,2026-02-17
https://cheft.app/restaurants/prune-new-york,2026-02-17
https://www.cheft.app/restaurants/big-e-egg-sandwich-shop-st-paul-saint-paul,2026-02-17
https://www.cheft.app/restaurants/el-super-pan-ponce-city-market-atlanta,2026-02-17
https://www.cheft.app/restaurants/roots-chicken-shak-main-streat-at-h-e-b-mueller-austin,2026-02-17
https://cheft.app/restaurants/cedar-elm-kenmore-luke-kolpin,2026-02-17
https://www.cheft.app/restaurants/raw-juicy-alys-beach,2026-02-17
https://cheft.app/restaurants/the-dearborn-o-hare-international-airport-chicago,2026-02-17
https://cheft.app/shows/chopped/2009-present,2026-02-17
https://cheft.app/shows/holiday-baking-championship/2025,2026-02-17
https://cheft.app/restaurants/luna-focacceria-los-angeles,2026-02-17
https://cheft.app/shows/tournament-of-champions/S11,2026-02-17
https://cheft.app/restaurants/the-fiery-talon-austin,2026-02-17
https://cheft.app/restaurants/gabrielle-charleston,2026-02-17
https://cheft.app/restaurants/grey-salt-seminole-hard-rock-hotel-casino-tampa-tampa,2026-02-17
https://cheft.app/restaurants/shia-shia-restaurant-washington,2026-02-17
https://cheft.app/restaurants/h2oasis-grand-hyatt-scottsdale-resort-scottsdale,2026-02-17
https://cheft.app/restaurants/cala-scottsdale-scottsdale,2026-02-17
https://cheft.app/shows/top-chef/S12,2026-02-17
https://cheft.app/shows/chopped/2009,2026-02-17
https://www.cheft.app/restaurants/kevin-gillespie-s-gamechanger-mercedes-benz-stadium-atlanta,2026-02-17
https://www.cheft.app/restaurants/osteria-carmel-fabio-viviani,2026-02-17
https://cheft.app/restaurants/tepuy-collective-new-york-city,2026-02-17
https://cheft.app/shows/tournament-of-champions/S18,2026-02-17
https://cheft.app/restaurants/piggyback-by-pig-khao-new-york-leah-cohen,2026-02-17
https://cheft.app/restaurants/burgers-fries-b-f-by-nick-wallace-jackson,2026-02-17
https://cheft.app/shows/top-chef/2008,2026-02-17
https://cheft.app/restaurants/dreamland-bar-b-que-tuscaloosa,2026-02-17
https://www.cheft.app/restaurants/the-dearborn-o-hare-international-airport-chicago,2026-02-17
https://www.cheft.app/restaurants/bar-siena-skokie-fabio-viviani,2026-02-17
https://cheft.app/shows/top-chef/S05,2026-02-17
https://cheft.app/restaurants/sarima-cafe-wicker-park,2026-02-17
https://cheft.app/restaurants/chicheria-mx-kitchen-atlanta,2026-02-17
https://cheft.app/restaurants/herb-sea-encinitas-brian-malarkey,2026-02-17
https://cheft.app/shows/beat-bobby-flay/34,2026-02-17
https://cheft.app/restaurants/vicolo-aurora,2026-02-17
https://cheft.app/restaurants/neon-collective-los-angeles,2026-02-17
https://cheft.app/restaurants/the-dearborn-chicago,2026-02-17
https://www.cheft.app/shows/tournament-of-champions/2021,2026-02-17
https://cheft.app/restaurants/trust-bae-new-york-frances-tariga-weshnak,2026-02-17
https://cheft.app/restaurants/j-n-j-n-by-kin-houston,2026-02-17
https://www.cheft.app/restaurants/harriets-rooftop-nashville-chris-crary,2026-02-17
https://cheft.app/restaurants/tepuy-collective-tepuy-dining-new-york,2026-02-17
https://cheft.app/shows/chopped/2011,2026-02-17
https://cheft.app/shows/tournament-of-champions/VI,2026-02-17
https://cheft.app/restaurants/tiffany-s-restaurant-bar-tiffany-s-maui-wailuku,2026-02-16
https://cheft.app/restaurants/riviera-by-fabio-viviani-fort-lauderdale,2026-02-16
https://cheft.app/shows/top-chef/S06,2026-02-16
https://cheft.app/shows/cutthroat-kitchen/2013-2017,2026-02-16
https://cheft.app/restaurants/laguna-beach-brewery-grille-laguna-beach,2026-02-16
https://cheft.app/restaurants/l-arr-t-by-the-grey-paris,2026-02-16
https://cheft.app/restaurants/cesca-enoteca-trattoria-new-york-city,2026-02-16
https://cheft.app/shows/tournament-of-champions/2024,2026-02-16
https://www.cheft.app/shows/holiday-baking-championship/2025,2026-02-16
https://www.cheft.app/restaurants/h2oasis-grand-hyatt-scottsdale-resort-scottsdale,2026-02-16
https://www.cheft.app/restaurants/northern-soul-minneapolis-justin-sutherland,2026-02-16
https://www.cheft.app/restaurants/ma-glenview-glenview,2026-02-16
https://www.cheft.app/shows/cutthroat-kitchen/2015,2026-02-16
https://www.cheft.app/restaurants/olamaie-austin,2026-02-16
https://www.cheft.app/restaurants/coach-house-chicago-zubair-mohajir,2026-02-16
https://www.cheft.app/restaurants/dive-bar-high-street-place-boston,2026-02-16
https://www.cheft.app/restaurants/sara-restaurant-toronto,2026-02-16
https://www.cheft.app/restaurants/ai-pono-caf-las-vegas-eugene-villiatora,2026-02-16
https://www.cheft.app/restaurants/kann-portland-gregory-gourdet,2026-02-16
https://www.cheft.app/restaurants/barvera-barvera-modern-mediterranean-stamford,2026-02-16
https://www.cheft.app/restaurants/jemma-pizzeria-pacific-palisades-jackson-kalb,2026-02-16
https://www.cheft.app/restaurants/tiffany-s-restaurant-bar-tiffany-s-maui-wailuku,2026-02-16
https://www.cheft.app/restaurants/bramble-house-vashon-lia-bardeen-lira,2026-02-16
https://cheft.app/restaurants/santa-rosa-taqueria-washington-spike-mendelsohn,2026-02-16
https://www.cheft.app/shows/chopped/2022,2026-02-16
https://www.cheft.app/restaurants/el-cochi-dorado-cochi-dorado-national-city,2026-02-16
https://www.cheft.app/shows/chopped/2009,2026-02-16
https://www.cheft.app/restaurants/madison-s-all-day-new-york,2026-02-16
https://www.cheft.app/restaurants/rack-s-fish-house-oyster-bar-delray-beach-delray-beach,2026-02-16
https://www.cheft.app/restaurants/le-bernardin-new-york,2026-02-16
https://www.cheft.app/restaurants/jackrabbit-filly-north-charleston-shuai-wang,2026-02-16
https://www.cheft.app/restaurants/santo-denver-international-airport-concourse-c-denver,2026-02-16
https://cheft.app/restaurants/avant-garden-new-york,2026-02-16
https://www.cheft.app/restaurants/succotash-prime-washington-edward-lee,2026-02-16
https://www.cheft.app/restaurants/ai-pono-caf-durango-durango-casino-resort-las-vegas,2026-02-16
https://www.cheft.app/restaurants/wangs-fried-chicken-brooklyn-sara-nguyen,2026-02-16
https://www.cheft.app/restaurants/da-kikokiko-playa-vista,2026-02-16
https://www.cheft.app/restaurants/aba-miami-miami,2026-02-16
https://www.cheft.app/restaurants/metzger-bar-butchery-richmond-brittanny-anderson,2026-02-16
https://www.cheft.app/restaurants/t-a-carmen-at-grand-hyatt-indian-wells-resort-villas-indian-wells,2026-02-16
https://www.cheft.app/shows/masterchef/7,2026-02-16
https://www.cheft.app/restaurants/ometeo-tysons-gabe-erales,2026-02-16
https://www.cheft.app/shows/top-chef/S07,2026-02-16
https://cheft.app/restaurants/royal-boucherie-philadelphia,2026-02-16
https://cheft.app/shows/guys-grocery-games/2016,2026-02-16
https://www.cheft.app/restaurants/el-secreto-omakase-faena-district-miami-beach-paul-qui,2026-02-16
https://www.cheft.app/restaurants/chingu-hawai-i-honolulu,2026-02-16
https://cheft.app/shows/beat-bobby-flay/2014,2026-02-16
https://cheft.app/restaurants/bramble-house-vashon-island,2026-02-16
https://cheft.app/restaurants/porr-n-pi-a-hartford,2026-02-16
https://www.cheft.app/shows/cutthroat-kitchen/2013,2026-02-16
https://cheft.app/restaurants/cal-mare-los-angeles,2026-02-16
https://www.cheft.app/restaurants/chicheria-mx-kitchen-atlanta-whitney-otawka,2026-02-16
https://cheft.app/restaurants/we-the-pizza-capitol-hill-washington,2026-02-16
https://cheft.app/restaurants/dragon-tiger-noodle-co-las-vegas-spring-valley-las-vegas,2026-02-16
https://cheft.app/restaurants/vulcania-mammoth-mountain,2026-02-16
https://www.cheft.app/restaurants/bar-cicchetti-columbus-fabio-viviani,2026-02-16
https://cheft.app/shows/beat-bobby-flay/15,2026-02-16
https://www.cheft.app/shows/guys-grocery-games/38,2026-02-16
https://www.cheft.app/shows/chefs-table-france,2026-02-16
https://cheft.app/shows/beat-bobby-flay/36,2026-02-16
https://cheft.app/restaurants/society-bbq-hales-society-bbq-miami,2026-02-16
https://cheft.app/restaurants/talde-noodle-bar-laguardia-terminal-b-queens,2026-02-16
https://cheft.app/shows/beat-bobby-flay/17,2026-02-16
https://cheft.app/restaurants/the-charleston-los-angeles,2026-02-16
https://cheft.app/restaurants/kiwiana-brooklyn-mark-simmons,2026-02-16
https://cheft.app/shows/beat-bobby-flay/2015,2026-02-16
https://cheft.app/shows/tournament-of-champions/S09,2026-02-16
https://www.cheft.app/restaurants/cheese-shoppe-southampton,2026-02-16
https://www.cheft.app/restaurants/buena-onda-fairmount-callowhill-philadelphia-philadelphia,2026-02-16
https://www.cheft.app/restaurants/pacific-table-fort-worth-fort-worth,2026-02-16
https://www.cheft.app/shows/beat-bobby-flay/37,2026-02-16
https://cheft.app/restaurants/northern-soul-st-paul-justin-sutherland,2026-02-16
https://www.cheft.app/restaurants/northern-soul-st-paul-justin-sutherland,2026-02-16
https://www.cheft.app/restaurants/naka-seattle,2026-02-16
https://www.cheft.app/restaurants/tiki-taka-grand-hyatt-scottsdale-resort-scottsdale,2026-02-16
https://www.cheft.app/shows/chopped/15,2026-02-16
https://cheft.app/restaurants/roots-southern-table-farmers-branch-tiffany-derry,2026-02-16
https://cheft.app/restaurants/tavern-costale-st-petersburg-fabio-viviani,2026-02-15
https://www.cheft.app/restaurants/society-bbq-hales-society-bbq-miami,2026-02-15
https://cheft.app/shows/next-level-chef/2022,2026-02-15
https://cheft.app/shows/beat-bobby-flay/2013,2026-02-15
https://cheft.app/restaurants/escala-los-angeles,2026-02-15
https://www.cheft.app/restaurants/escala-los-angeles,2026-02-15
https://cheft.app/restaurants/agni-columbus-avishar-barua,2026-02-15
https://www.cheft.app/restaurants/trova-coastal-kitchen-humacao-janine-booth-5-jeff-mcinnis,2026-02-15
https://cheft.app/restaurants/highly-likely-west-adams-los-angeles,2026-02-15
https://cheft.app/restaurants/ema-chicago-chris-cj-jacobson,2026-02-15
https://cheft.app/shows/beat-bobby-flay/2,2026-02-15
https://cheft.app/restaurants/virtue-restaurant-bar-chicago,2026-02-15
https://cheft.app/restaurants/animae,2026-02-15
https://cheft.app/restaurants/frenchies-sandwiches-albuquerque-dakota-weiss,2026-02-15
https://cheft.app/restaurants/sandbar-grand-hyatt-scottsdale-resort-scottsdale,2026-02-15
https://cheft.app/restaurants/chaatable-nashville,2026-02-15
https://cheft.app/restaurants/el-super-pan-the-battery-atlanta-atlanta,2026-02-15
https://cheft.app/restaurants/sawyer-s-cleveland,2026-02-15
https://www.cheft.app/restaurants/heritage-restaurant-farm-long-beach,2026-02-15
https://cheft.app/restaurants/greenleaf-milford-chris-viaud,2026-02-15
https://www.cheft.app/restaurants/judy-harry-s-asbury-park,2026-02-15
https://www.cheft.app/shows/beat-bobby-flay/2024,2026-02-15
https://www.cheft.app/restaurants/house-of-birds-drop-biscuits-regatta-grove-miami,2026-02-15
https://www.cheft.app/restaurants/sonny-sons-riverdale-park-kevin-sbraga,2026-02-15
https://www.cheft.app/restaurants/vicolo-aurora,2026-02-15
https://www.cheft.app/restaurants/south-pine-morristown-leia-gaccione,2026-02-15
https://www.cheft.app/restaurants/parlour-brookline-stacy-cogswell-deetz,2026-02-15
https://www.cheft.app/restaurants/restaurant-xo-kaimuki,2026-02-15
https://www.cheft.app/restaurants/vulcania-mammoth-mountain,2026-02-15
https://www.cheft.app/shows/beat-bobby-flay/34,2026-02-15
https://www.cheft.app/restaurants/vaca-costa-mesa-costa-mesa,2026-02-15
https://www.cheft.app/shows/iron-chef-america/2007,2026-02-15
https://cheft.app/restaurants/mp-taverna-irvington-irvington,2026-02-15
https://www.cheft.app/restaurants/cesca-enoteca-trattoria-new-york-city,2026-02-15
https://cheft.app/shows/top-chef/S22,2026-02-15
https://www.cheft.app/shows/top-chef/S22,2026-02-15
https://cheft.app/restaurants/frita-batidos-brooklyn-domino-park-brooklyn,2026-02-15
https://cheft.app/restaurants/riviera-fort-lauderdale-fabio-viviani,2026-02-15
https://www.cheft.app/restaurants/sally-o-s-highlandtown,2026-02-15
https://www.cheft.app/restaurants/yamashiro-miami-miami,2026-02-15
https://www.cheft.app/restaurants/a16-ferry-building,2026-02-15
https://cheft.app/shows/top-chef/S11,2026-02-15
https://www.cheft.app/shows/beat-bobby-flay/2018,2026-02-15
https://www.cheft.app/shows/chopped/2018,2026-02-15
https://www.cheft.app/shows/cutthroat-kitchen-all-star-tournament,2026-02-15
https://cheft.app/restaurants/soy-pinoy,2026-02-15
https://www.cheft.app/restaurants/soy-pinoy,2026-02-15
https://www.cheft.app/restaurants/we-the-pizza-capitol-hill-washington,2026-02-15
https://www.cheft.app/restaurants/bramble-house-vashon-island,2026-02-15
https://www.cheft.app/restaurants/porr-n-pi-a-hartford,2026-02-15
https://cheft.app/restaurants/ometeo-tysons-gabe-erales,2026-02-15
https://www.cheft.app/restaurants/cal-mare-los-angeles,2026-02-15
https://cheft.app/restaurants/big-e-egg-sandwich-shop-st-paul-saint-paul,2026-02-15
https://www.cheft.app/restaurants/sawyer-s-shaker-heights,2026-02-15
https://www.cheft.app/restaurants/fortina-armonk,2026-02-15
https://www.cheft.app/restaurants/ten-hope-brooklyn,2026-02-15
https://www.cheft.app/restaurants/lemon-grove-los-angeles-marcel-vigneron,2026-02-15
https://cheft.app/restaurants/kbc-dothan-kelsey-barnard-clark,2026-02-15
https://cheft.app/restaurants/raw-juicy-alys-beach,2026-02-15
https://cheft.app/restaurants/lucky-goat-aurora,2026-02-15
https://cheft.app/restaurants/tin-roof-maui-kahului,2026-02-15
https://www.cheft.app/restaurants/adorn-bar-restaurant-four-seasons-hotel-chicago-chicago,2026-02-15
https://www.cheft.app/shows/beat-bobby-flay/2016,2026-02-15
https://www.cheft.app/restaurants/mp-taverna-williamsburg,2026-02-15
https://www.cheft.app/restaurants/lonesome-dove-western-bistro-knoxville-knoxville,2026-02-15
https://cheft.app/restaurants/bar-cicchetti-columbus-fabio-viviani,2026-02-15
https://www.cheft.app/restaurants/cafe-colette-brooklyn-patricia-vega,2026-02-15
https://www.cheft.app/restaurants/the-expat-athens-kenny-nguyen,2026-02-15
https://www.cheft.app/restaurants/herb-wood-san-diego-brian-malarkey,2026-02-15
https://cheft.app/restaurants/olamaie-austin,2026-02-15
https://www.cheft.app/restaurants/bywater-american-bistro-new-orleans-nina-compton,2026-02-15
https://www.cheft.app/restaurants/pig-and-tiger-boulder-travis-masar,2026-02-15
https://www.cheft.app/shows/guys-grocery-games/2020,2026-02-15
https://www.cheft.app/restaurants/adorn-bar-restaurant-chicago,2026-02-15
https://www.cheft.app/restaurants/the-dearborn-at-o-hare-terminal-5-chicago,2026-02-15
https://www.cheft.app/restaurants/root-bone-south-miami,2026-02-15
https://www.cheft.app/restaurants/the-pepper-club-the-english-hotel-las-vegas,2026-02-15
https://www.cheft.app/restaurants/pasta-bar-austin-austin-phillip-frankland-lee,2026-02-15
https://www.cheft.app/shows/chopped/2024,2026-02-15
https://www.cheft.app/shows/cutthroat-kitchen/7,2026-02-15
https://www.cheft.app/restaurants/santo-boulder-hosea-rosenberg,2026-02-15
https://www.cheft.app/shows/guys-grocery-games/2017,2026-02-15
https://www.cheft.app/restaurants/evelyn-dallas,2026-02-15
https://www.cheft.app/restaurants/ha-playa-del-carmen-carlos-gaytan,2026-02-15
https://www.cheft.app/restaurants/brian-s-bar-b-q-deland,2026-02-15
https://www.cheft.app/shows/iron-chef-america/2018,2026-02-15
https://www.cheft.app/restaurants/fox-flight-boston-karen-akunowicz,2026-02-15
https://www.cheft.app/shows/the-next-food-network-star,2026-02-15
https://www.cheft.app/restaurants/north-pond-chicago,2026-02-15
https://www.cheft.app/restaurants/hanjip-korean-bbq-culver-city,2026-02-15
https://cheft.app/restaurants/mana-leavenworth,2026-02-15
https://www.cheft.app/restaurants/rodney-scott-s-whole-hog-bbq-former-avondale-location-birmingham,2026-02-15
https://www.cheft.app/restaurants/ap-caf-pop-up-brooklyn,2026-02-15
https://www.cheft.app/restaurants/locol-los-angeles,2026-02-15
https://www.cheft.app/restaurants/yalla-falafel-california,2026-02-15
https://www.cheft.app/shows/beat-bobby-flay/12,2026-02-15
https://www.cheft.app/restaurants/girl-the-goat,2026-02-15
https://www.cheft.app/restaurants/navy-new-york,2026-02-15
https://www.cheft.app/shows/chopped/2012,2026-02-15
https://www.cheft.app/restaurants/d-ambrosi-fine-foods-stow-on-the-wold-stow-on-the-wold,2026-02-15
https://www.cheft.app/shows/chopped/2011,2026-02-15
https://www.cheft.app/restaurants/rebeli-n-malibu,2026-02-15
https://www.cheft.app/restaurants/novecientos-grados-san-diego,2026-02-15
https://www.cheft.app/restaurants/sobre-mesa-oakland-nelson-german,2026-02-15
https://www.cheft.app/restaurants/knife-plano-plano-john-tesar,2026-02-15
https://www.cheft.app/restaurants/ospi-venice-jackson-kalb,2026-02-15
https://www.cheft.app/restaurants/good-hot-fish-asheville-ashleigh-shanti,2026-02-15
https://www.cheft.app/shows/the-next-food-network-star/9,2026-02-15
https://www.cheft.app/restaurants/lost-palm-lexington-paula-endara,2026-02-15
https://www.cheft.app/restaurants/burgers-fries-b-f-by-nick-wallace-jackson,2026-02-15
https://www.cheft.app/restaurants/big-e-egg-sandwich-shop-portland-portland,2026-02-15
https://www.cheft.app/restaurants/roots-chicken-shak-legacy-hall-plano,2026-02-15
https://www.cheft.app/restaurants/eleven18-event-space-colorado-springs,2026-02-15
https://www.cheft.app/restaurants/monteverde-restaurant-pastificio-chicago-sarah-grueneberg-1-bailey-sullivan,2026-02-15
https://www.cheft.app/shows/tournament-of-champions/2024,2026-02-15
https://cheft.app/restaurants/cabra-chicago-stephanie-izard,2026-02-15
https://www.cheft.app/restaurants/dreamland-bar-b-que-tuscaloosa,2026-02-15
https://www.cheft.app/restaurants/oko-austin,2026-02-15
https://www.cheft.app/shows/top-chef/S21,2026-02-15
https://www.cheft.app/restaurants/el-super-pan-the-battery-atlanta-atlanta,2026-02-15
https://www.cheft.app/restaurants/pretty-bird-hot-chicken-sugar-house-salt-lake-city,2026-02-15
https://www.cheft.app/restaurants/leona-venice-beach,2026-02-15
https://cheft.app/restaurants/tacqui-richardson,2026-02-15
https://cheft.app/restaurants/la-crema-estate-at-saralee-s-vineyard-windsor,2026-02-15
https://www.cheft.app/restaurants/ocean-by-cat-cora-long-beach,2026-02-15
https://cheft.app/chefs/joseph-joe-sasto-iii,2026-02-15
https://cheft.app/restaurants/the-club-at-the-dunes-naples,2026-02-15
https://cheft.app/shows/top-chef/S16,2026-02-15
https://www.cheft.app/restaurants/the-brown-sheep-level-8-moxy-dtla-los-angeles,2026-02-15
https://cheft.app/restaurants/pasta-bar-encino-phillip-frankland-lee,2026-02-15
https://www.cheft.app/shows/beat-bobby-flay/2014,2026-02-15
https://cheft.app/restaurants/tts-spokane-valley-chad-white,2026-02-15
https://cheft.app/restaurants/bubbles-pearls-wilton-manors-josie-smith-malave,2026-02-15
https://cheft.app/restaurants/hopscotch-portland-art-space-portland-sara-hauman,2026-02-15
https://www.cheft.app/shows/tournament-of-champions/S02,2026-02-15
https://www.cheft.app/restaurants/stella-s-southern-bistro-simpsonville,2026-02-15
https://www.cheft.app/restaurants/sushi-by-scratch-seattle-phillip-frankland-lee,2026-02-15
https://www.cheft.app/shows/beat-bobby-flay/season-2021,2026-02-15
https://www.cheft.app/restaurants/alee-alee-by-ali-amman,2026-02-15
https://www.cheft.app/restaurants/ten-hope-brooklyn-harold-dieterle,2026-02-15
https://cheft.app/restaurants/chef-brians-comfort-kitchen-tucson-brian-hill,2026-02-15
https://www.cheft.app/restaurants/chef-brians-comfort-kitchen-tucson-brian-hill,2026-02-15
https://www.cheft.app/restaurants/trust-bae-new-york-frances-tariga-weshnak,2026-02-15
https://www.cheft.app/restaurants/solstice-seasonal-kitchen-bar-irvine-irvine,2026-02-15
https://www.cheft.app/restaurants/the-tonsorium-bar-kenmore,2026-02-15
https://www.cheft.app/shows/top-chef/S11,2026-02-15
https://cheft.app/restaurants/maze-bangkok-phattanant-may-thongthong,2026-02-15
https://www.cheft.app/restaurants/t-nsu-tansuo-nashville,2026-02-15
https://www.cheft.app/restaurants/the-fiery-talon-austin,2026-02-15
https://www.cheft.app/restaurants/the-george-prime-steakhouse-oklahoma-city,2026-02-15
https://www.cheft.app/restaurants/jame-el-segundo-jackson-kalb,2026-02-15
https://www.cheft.app/shows/top-chef/S10,2026-02-15
https://www.cheft.app/restaurants/goodwood-tavern-arizona,2026-02-15
https://www.cheft.app/restaurants/avant-garden-new-york,2026-02-15
https://www.cheft.app/shows/next-level-chef/2022,2026-02-15
https://www.cheft.app/restaurants/culture-milford,2026-02-15
https://www.cheft.app/restaurants/boom-bang-fine-foods-cocktails-henderson-elia-aboumrad,2026-02-15
https://cheft.app/shows/cutthroat-kitchen/2016,2026-02-15
https://cheft.app/shows/iron-chef-america/2008,2026-02-15
https://www.cheft.app/restaurants/eve-ann-arbor,2026-02-15
https://www.cheft.app/restaurants/mp-taverna-irvington-irvington,2026-02-15
https://cheft.app/restaurants/the-pump-house-ironworks-at-pencoyd-landing-bala-cynwyd,2026-02-15
https://www.cheft.app/restaurants/fortina-armonk-armonk,2026-02-15
https://www.cheft.app/restaurants/prime-provisions-chicago,2026-02-15
https://www.cheft.app/restaurants/true-montgomery,2026-02-15
https://www.cheft.app/restaurants/seoul-sausage-company-los-angeles,2026-02-15
https://www.cheft.app/restaurants/butterhorn-bismarck-stephanie-miller,2026-02-15
https://www.cheft.app/restaurants/sandbar-grand-hyatt-scottsdale-resort-scottsdale,2026-02-15
https://www.cheft.app/restaurants/k-bo-pizza-seattle,2026-02-15
https://www.cheft.app/shows/beat-bobby-flay/9,2026-02-15
https://www.cheft.app/restaurants/knife-burger-plano-john-tesar,2026-02-15
https://www.cheft.app/restaurants/sunny-side-up-aussie-bites-coconut-grove,2026-02-15
https://www.cheft.app/restaurants/sunny-side-up-aussie-bites,2026-02-15
https://cheft.app/restaurants/yamashiro-miami-miami,2026-02-15
https://www.cheft.app/restaurants/les-petits-prs-angers-samuel-albert,2026-02-15
https://www.cheft.app/restaurants/terra-by-jeremy-ford-oranjestad,2026-02-15
https://www.cheft.app/restaurants/grand-fir-brewing-portland-doug-adams,2026-02-15
https://cheft.app/restaurants/butterfunk-biscuit-new-york-christopher-chris-scott,2026-02-15
https://www.cheft.app/restaurants/butterfunk-biscuit-new-york-christopher-chris-scott,2026-02-15
https://www.cheft.app/restaurants/the-club-at-the-dunes-naples-gerald-sombright,2026-02-15
https://cheft.app/restaurants/huso-new-york-buddha-lo,2026-02-15
https://cheft.app/restaurants/chef-brian-s-comfort-kitchen-washington,2026-02-15
https://www.cheft.app/chefs/joseph-joe-sasto-iii,2026-02-15
https://www.cheft.app/shows/beat-bobby-flay/15,2026-02-15
https://www.cheft.app/restaurants/vaga-encinitas-claudette-zepeda-wilkins,2026-02-15
https://cheft.app/restaurants/the-black-sheep-las-vegas-jamie-tran,2026-02-15
https://cheft.app/restaurants/221-south-oak-bistro-telluride,2026-02-15
https://www.cheft.app/restaurants/piggyback-nyc-new-york-city,2026-02-15
https://cheft.app/restaurants/the-dearborn-at-o-hare-terminal-5-chicago,2026-02-15
https://cheft.app/restaurants/pig-and-tiger-boulder-travis-masar,2026-02-15
https://www.cheft.app/restaurants/aba-chicago-chicago-chris-cj-jacobson,2026-02-15
https://www.cheft.app/shows/iron-chef-america/2012,2026-02-15
https://www.cheft.app/restaurants/b-s-taqueria-former-dtla-location-los-angeles,2026-02-15
https://www.cheft.app/restaurants/the-wall-street-grill-new-york,2026-02-15
https://cheft.app/restaurants/sobre-mesa-oakland-nelson-german,2026-02-15
https://cheft.app/restaurants/neighbors-neighbors-caf-at-1-hotel-nashville-nashville,2026-02-15
https://cheft.app/restaurants/chicheria-mx-kitchen-atlanta-whitney-otawka,2026-02-15
https://www.cheft.app/restaurants/ta-que-morris-tyler-anderson,2026-02-15
https://www.cheft.app/restaurants/animae,2026-02-15
https://www.cheft.app/restaurants/post-office-pies-mountain-brook-mountain-brook,2026-02-15
https://www.cheft.app/restaurants/sit-tite-portland-bj-smith,2026-02-14
https://www.cheft.app/restaurants/press-st-helena-vincenzo-vinny-loseto,2026-02-14
https://www.cheft.app/restaurants/le-coq,2026-02-14
https://www.cheft.app/restaurants/tell-your-friends-north-scottsdale,2026-02-14
https://www.cheft.app/shows/cutthroat-kitchen/2013-2017,2026-02-14
https://www.cheft.app/shows/chopped/2009-present,2026-02-14
https://www.cheft.app/restaurants/the-dining-room-the-lake-estate-on-winnisquam-tilton,2026-02-14
https://cheft.app/restaurants/thacher-rye-frederick-bryan-voltaggio,2026-02-14
https://cheft.app/restaurants/osteria-carmel-fabio-viviani,2026-02-14
https://www.cheft.app/restaurants/ember-rye-park-hyatt-aviara-carlsbad,2026-02-14
https://cheft.app/restaurants/patty-palace-citi-field-flushing,2026-02-14
https://cheft.app/restaurants/pacific-table-fort-worth-fort-worth,2026-02-14
https://cheft.app/restaurants/lonesome-dove-western-bistro-knoxville-knoxville,2026-02-14
https://www.cheft.app/restaurants/taco-asylum-gourmet-tacos-costa-mesa,2026-02-14
https://www.cheft.app/restaurants/virtue-restaurant-bar-chicago,2026-02-14
https://cheft.app/restaurants/north-pond-chicago-csar-murillo,2026-02-14
https://cheft.app/restaurants/sunny-side-up-aussie-bites,2026-02-14
https://cheft.app/restaurants/champagne-bar-printemps-new-york,2026-02-14
https://cheft.app/restaurants/pasta-bar-austin-austin-phillip-frankland-lee,2026-02-14
https://cheft.app/restaurants/parlour-brookline-stacy-cogswell-deetz,2026-02-14
https://www.cheft.app/restaurants/frita-batidos-brooklyn-domino-park-brooklyn,2026-02-14
https://cheft.app/restaurants/24-diner-austin-andrew-curren,2026-02-14
https://cheft.app/restaurants/black-lodge-richmond-brittanny-anderson,2026-02-14
https://cheft.app/restaurants/dive-bar-high-street-place-boston,2026-02-14
https://www.cheft.app/restaurants/dips-kitchen-atlanta,2026-02-14
https://cheft.app/restaurants/knife-burger-plano-john-tesar,2026-02-14
https://cheft.app/restaurants/dalida-san-francisco-laura-ozyilmaz,2026-02-14
https://www.cheft.app/restaurants/lucky-goat-aurora,2026-02-14
https://cheft.app/restaurants/da-kikokiko-playa-vista,2026-02-14
https://cheft.app/restaurants/butterhorn-bismarck-stephanie-miller,2026-02-14
https://cheft.app/restaurants/vaga-restaurant-bar-encinitas,2026-02-14
https://www.cheft.app/restaurants/vaga-restaurant-bar-encinitas,2026-02-14
https://www.cheft.app/shows/beat-bobby-flay/2019,2026-02-14
https://www.cheft.app/restaurants/pounder-pounder-inc-amman,2026-02-14
https://www.cheft.app/restaurants/knife-italian-the-ritz-carlton-dallas-las-colinas-irving,2026-02-14
https://cheft.app/restaurants/b-s-taqueria-former-dtla-location-los-angeles,2026-02-14
https://www.cheft.app/shows/beat-bobby-flay/2013,2026-02-14
https://www.cheft.app/restaurants/prune-new-york,2026-02-14
https://cheft.app/restaurants/nami-louisville-edward-lee,2026-02-14
https://www.cheft.app/shows/tournament-of-champions/S18,2026-02-14
https://cheft.app/restaurants/moosh-new-york,2026-02-14
https://cheft.app/restaurants/root-bone-hendersonville,2026-02-14
https://cheft.app/restaurants/restaurant-xo-honolulu,2026-02-14
https://www.cheft.app/restaurants/bar-charley-washington-adam-harvey,2026-02-14
https://www.cheft.app/restaurants/ramen-hood-los-angeles-ilan-hall,2026-02-14
https://cheft.app/restaurants/fortina-armonk,2026-02-14
https://cheft.app/shows/beat-bobby-flay/9,2026-02-14
https://cheft.app/restaurants/blackbelly-market-restaurant-boulder-boulder,2026-02-14
https://www.cheft.app/restaurants/blackbelly-market-restaurant-boulder-boulder,2026-02-14
https://cheft.app/restaurants/sona-tortillas-de-maiz-y-bodega-tucson,2026-02-14
https://cheft.app/restaurants/sushi-by-scratch-montral-phillip-frankland-lee,2026-02-14
https://www.cheft.app/shows/tournament-of-champions/VI,2026-02-14
https://cheft.app/shows/chopped/2022,2026-02-14
https://cheft.app/restaurants/bywater-american-bistro-new-orleans-nina-compton,2026-02-14
https://cheft.app/restaurants/dragon-tiger-noodle-co-wendover-nugget-west-wendover,2026-02-14
https://cheft.app/shows/beat-bobby-flay/32,2026-02-14
https://cheft.app/restaurants/junoon-new-york,2026-02-14
https://cheft.app/restaurants/joya-s-worthington,2026-02-14
https://cheft.app/restaurants/ema-glenview-glenview,2026-02-14
https://www.cheft.app/restaurants/the-dearborn-chicago,2026-02-14
https://cheft.app/restaurants/a16-napa,2026-02-14
https://cheft.app/restaurants/notorious-poke-albuquerque-dakota-weiss,2026-02-14
https://www.cheft.app/shows/tournament-of-champions/S03,2026-02-14
https://cheft.app/shows/top-chef/S01,2026-02-14
https://cheft.app/restaurants/scopa-italian-roots-venice-antonia-lofaso,2026-02-14
https://www.cheft.app/shows/beat-bobby-flay/17,2026-02-14
https://www.cheft.app/shows/beat-bobby-flay/29,2026-02-14
https://cheft.app/restaurants/wander-kitchen-bar-yyc-concourse-c-gate-c50-calgary,2026-02-14
https://cheft.app/restaurants/garces-trading-company-kimmel-center-philadelphia,2026-02-14
https://www.cheft.app/restaurants/garces-trading-company-kimmel-center-philadelphia,2026-02-14
https://cheft.app/restaurants/rose-mary-chicago-joseph-flamm,2026-02-14
https://www.cheft.app/restaurants/sarima-cafe-wicker-park,2026-02-13
https://cheft.app/restaurants/over-easy-phoenix,2026-02-13
https://cheft.app/restaurants/pounder-pounder-inc-amman,2026-02-13
https://www.cheft.app/restaurants/seasonal-montana-bozeman-melissa-harrison,2026-02-13
https://cheft.app/restaurants/a16-tokyo,2026-02-13
https://www.cheft.app/restaurants/riviera-by-fabio-viviani-fort-lauderdale,2026-02-13
https://cheft.app/restaurants/fortina-yonkers-yonkers,2026-02-13
https://www.cheft.app/restaurants/scopa-italian-roots-venice-antonia-lofaso,2026-02-13
https://cheft.app/restaurants/sushi-by-scratch-seattle-phillip-frankland-lee,2026-02-13
https://cheft.app/restaurants/1-kitchen-by-chris-crary-at-1-hotel-nashville-nashville,2026-02-13
https://cheft.app/restaurants/amada-ocean-casino-resort-atlantic-city-atlantic-city,2026-02-13
https://www.cheft.app/restaurants/lago-lake-zurich-lake-zurich,2026-02-13
https://cheft.app/restaurants/claudia-s-cocina-san-diego,2026-02-13
https://cheft.app/restaurants/broadway-by-amar-santana-laguna-beach-amar-santana,2026-02-13
https://www.cheft.app/restaurants/press-restaurant-napa-valley-st-helena,2026-02-13
https://cheft.app/shows/guys-grocery-games/2013,2026-02-13
https://www.cheft.app/restaurants/radici-wood-fired-grill-grand-prairie-grand-prairie,2026-02-13
https://www.cheft.app/restaurants/small-barn-old-town-temecula,2026-02-13
https://cheft.app/restaurants/ditch-plains-west-village-new-york,2026-02-13
https://www.cheft.app/restaurants/fortina-yonkers-yonkers,2026-02-13
https://cheft.app/shows/chopped/2019,2026-02-13
https://cheft.app/restaurants/feel-good-portland-gabriel-pascuzzi,2026-02-13
https://www.cheft.app/restaurants/over-easy-phoenix,2026-02-13
https://www.cheft.app/restaurants/pavillion-wolfeboro-chris-viaud,2026-02-13
https://www.cheft.app/restaurants/cabra-chicago,2026-02-13
https://cheft.app/restaurants/dawa-by-eric-adjepong-washington,2026-02-13
https://www.cheft.app/restaurants/roots-chicken-shak-addison-addison,2026-02-13
https://www.cheft.app/restaurants/kildare-s-west-chester-west-chester,2026-02-13
https://www.cheft.app/restaurants/dragon-tiger-noodle-co-las-vegas-summerlin-boca-park-las-vegas,2026-02-13
https://www.cheft.app/restaurants/t-maro-brands-los-angeles,2026-02-13
https://www.cheft.app/restaurants/ema-glenview-glenview,2026-02-13
https://cheft.app/restaurants/bourbon-steak-new-york-jw-marriott-essex-house-new-york,2026-02-13
https://www.cheft.app/restaurants/bourbon-steak-new-york-jw-marriott-essex-house-new-york,2026-02-13
https://cheft.app/restaurants/kukree-food-truck-seattle,2026-02-13
https://www.cheft.app/shows/cutthroat-kitchen/2014,2026-02-13
https://www.cheft.app/shows/beat-bobby-flay/36,2026-02-13
https://www.cheft.app/restaurants/clay-restaurant-new-york,2026-02-12
https://www.cheft.app/restaurants/tackle-box-native-fish-co,2026-02-12
https://www.cheft.app/shows/beat-bobby-flay/2015,2026-02-12
https://cheft.app/restaurants/twenty-eight-modern-chinese-cuisine-irvine,2026-02-12
https://cheft.app/restaurants/not-a-damn-chance-burgers-chicago-phillip-frankland-lee,2026-02-12
https://www.cheft.app/restaurants/rose-mary-chicago-joseph-flamm,2026-02-12
https://www.cheft.app/restaurants/wander-kitchen-bar-yyc-concourse-c-gate-c50-calgary,2026-02-12
https://cheft.app/restaurants/kendall-jackson-wine-estate-gardens-santa-rosa,2026-02-12
https://cheft.app/restaurants/succotash-prime-penn-quarter-washington-dc-washington,2026-02-12
https://www.cheft.app/shows/guys-grocery-games/2015,2026-02-12
https://www.cheft.app/restaurants/love-shack-stockyards-fort-worth,2026-02-12
https://www.cheft.app/shows/beat-bobby-flay/2,2026-02-12
https://www.cheft.app/restaurants/aloha-cafe-los-angeles,2026-02-12
https://www.cheft.app/restaurants/sawyer-s-cleveland,2026-02-12
https://cheft.app/restaurants/tempest-charleston-jamie-lynch,2026-02-12
https://www.cheft.app/restaurants/tempest-charleston-jamie-lynch,2026-02-12
https://cheft.app/shows/tournament-of-champions/S05,2026-02-12
https://www.cheft.app/restaurants/pacific-table-las-colinas-irving-las-colinas,2026-02-12
https://www.cheft.app/restaurants/auro-calistoga-rogelio-garcia,2026-02-12
https://www.cheft.app/restaurants/buena-onda-radnor,2026-02-12
https://cheft.app/restaurants/dama-los-angeles-antonia-lofaso,2026-02-12
https://www.cheft.app/restaurants/hop-springs-beer-park-murfreesboro,2026-02-12
https://www.cheft.app/restaurants/the-sarsaparilla-club-miami-beach,2026-02-12
https://www.cheft.app/restaurants/piggyback-by-pig-khao-new-york-leah-cohen,2026-02-12
https://www.cheft.app/restaurants/stella-s-southern-brasserie-mauldin,2026-02-12
https://www.cheft.app/restaurants/four-flamingos-a-richard-blais-florida-kitchen-orlando,2026-02-12
https://www.cheft.app/shows/tournament-of-champions/S09,2026-02-12
https://www.cheft.app/restaurants/the-club-at-the-dunes-naples,2026-02-12
https://www.cheft.app/restaurants/the-studio-colorado-springs-brother-luck,2026-02-12
https://www.cheft.app/restaurants/talde-noodle-bar-laguardia-terminal-b-queens,2026-02-12
https://www.cheft.app/restaurants/twenty-eight-modern-chinese-cuisine-irvine,2026-02-12
https://www.cheft.app/shows/beat-bobby-flay/32,2026-02-12
https://www.cheft.app/shows/top-chef/S13,2026-02-12
https://www.cheft.app/restaurants/liz-liz-to-go-telluride,2026-02-12
https://www.cheft.app/shows/iron-chef-america/2006,2026-02-12
https://www.cheft.app/shows/chopped/2019,2026-02-12
https://www.cheft.app/restaurants/tepuy-collective-new-york-city,2026-02-12
https://www.cheft.app/restaurants/the-charleston-los-angeles,2026-02-12
https://www.cheft.app/restaurants/kukree-food-truck-seattle,2026-02-12
https://cheft.app/restaurants/farmesa-chipotle-new-ventures-pilot-santa-monica,2026-02-12
https://www.cheft.app/restaurants/farmesa-chipotle-new-ventures-pilot-santa-monica,2026-02-12
https://www.cheft.app/restaurants/el-rincon-restaurante-mexicano-sedona,2026-02-12
https://cheft.app/restaurants/peko-peko-avanti-boulder-boulder,2026-02-11
https://cheft.app/restaurants/bar-pina-hartford-tyler-anderson,2026-02-11
https://www.cheft.app/restaurants/bar-pina-hartford-tyler-anderson,2026-02-11
https://www.cheft.app/shows/top-chef/S01,2026-02-11
https://cheft.app/restaurants/press-st-helena-vincenzo-vinny-loseto,2026-02-11
https://www.cheft.app/restaurants/dawa-by-eric-adjepong-washington,2026-02-11
https://www.cheft.app/shows/chopped-chopped-all-stars,2026-02-11
https://www.cheft.app/restaurants/restaurant-xo-honolulu,2026-02-11
https://www.cheft.app/restaurants/the-nissan-cafe-jackson-nick-wallace,2026-02-11
https://www.cheft.app/restaurants/the-graceful-ordinary-st-charles,2026-02-11
https://www.cheft.app/shows/iron-chef-america/15,2026-02-11
https://www.cheft.app/restaurants/southern-art-and-bourbon-bar-atlanta,2026-02-11
https://www.cheft.app/restaurants/1-kitchen-by-chris-crary-at-1-hotel-nashville-nashville,2026-02-11
https://cheft.app/restaurants/pig-khao-new-york-city,2026-02-11
https://cheft.app/restaurants/boca-tucson-maria-mazon,2026-02-11
https://www.cheft.app/restaurants/royal-boucherie-philadelphia,2026-02-11
https://cheft.app/shows/top-chef/S09,2026-02-11
https://cheft.app/restaurants/tell-your-friends-north-scottsdale,2026-02-11
https://www.cheft.app/shows/chopped/2010,2026-02-11
https://www.cheft.app/shows/guys-grocery-games/2013,2026-02-11
https://cheft.app/restaurants/seasonal-montana-bozeman-melissa-harrison,2026-02-11
https://cheft.app/restaurants/seoul-sausage-company-los-angeles,2026-02-11
https://www.cheft.app/restaurants/broadway-by-amar-santana-laguna-beach-amar-santana,2026-02-11
https://cheft.app/restaurants/stella-s-southern-brasserie-mauldin,2026-02-11
https://www.cheft.app/restaurants/claudia-s-cocina-san-diego,2026-02-11
https://www.cheft.app/restaurants/la-salita-valncia-begoa-rodrigo,2026-02-11
https://cheft.app/shows/top-chef-masters/2010,2026-02-11
https://cheft.app/shows/guys-grocery-games/2013-present,2026-02-11
https://www.cheft.app/restaurants/grey-sweater-oklahoma-city,2026-02-11
https://www.cheft.app/restaurants/amada-ocean-casino-resort-atlantic-city-atlantic-city,2026-02-11
https://www.cheft.app/restaurants/playa-provisions-playa-del-rey-brooke-williamson,2026-02-11
https://www.cheft.app/restaurants/frita-batidos-ann-arbor-ann-arbor,2026-02-11
https://www.cheft.app/shows/beat-bobby-flay/2023,2026-02-11
https://www.cheft.app/restaurants/sunny-side-aussie-bites-at-regatta-grove-miami,2026-02-11
https://cheft.app/restaurants/talde-noodle-bar-queens-dale-talde,2026-02-11
https://www.cheft.app/restaurants/talde-noodle-bar-queens-dale-talde,2026-02-11
https://cheft.app/restaurants/gilded-acorn-oklahoma-city,2026-02-11
https://www.cheft.app/shows/chefs-table-noodles,2026-02-11
https://www.cheft.app/shows/top-chef/S09,2026-02-11
https://www.cheft.app/shows/iron-chef-america/2013,2026-02-11
https://www.cheft.app/shows/beat-bobby-flay/season-2022,2026-02-11
https://www.cheft.app/restaurants/international-market-im2-nashville,2026-02-11
https://www.cheft.app/restaurants/butter-restaurant-new-york,2026-02-11
https://www.cheft.app/restaurants/riviera-fort-lauderdale-fabio-viviani,2026-02-11
https://www.cheft.app/restaurants/gather-yarmouth-mimi-weissenborn,2026-02-11
https://www.cheft.app/shows/beat-bobby-flay/season-2019,2026-02-11
https://www.cheft.app/restaurants/prime-a-shula-s-steak-house-chandler,2026-02-11
https://www.cheft.app/shows/beat-bobby-flay/2017,2026-02-11
https://www.cheft.app/restaurants/parachute-hi-fi-chicago,2026-02-11
https://www.cheft.app/shows/guys-grocery-games/2016,2026-02-11
https://www.cheft.app/restaurants/frenchies-sandwiches-albuquerque-dakota-weiss,2026-02-10
https://www.cheft.app/restaurants/golfstr-mmen,2026-02-10
https://cheft.app/restaurants/girl-the-goat-los-angeles-los-angeles,2026-02-10
https://www.cheft.app/restaurants/compre-lapin-new-orleans-nina-compton,2026-02-10
https://cheft.app/restaurants/cindys-rooftop-chicago-kaleena-bliss,2026-02-10
https://cheft.app/restaurants/sonny-sons-riverdale-park-kevin-sbraga,2026-02-10
https://cheft.app/restaurants/judy-s-asbury-park,2026-02-10
https://cheft.app/restaurants/church-union-n-nashville-jamie-lynch,2026-02-10
https://cheft.app/restaurants/grand-vista-lounge-grand-hyatt-scottsdale-resort-scottsdale,2026-02-10
https://cheft.app/restaurants/harriets-rooftop-nashville-chris-crary,2026-02-10
https://cheft.app/restaurants/north-pond-chicago,2026-02-10
https://cheft.app/restaurants/pavillion-wolfeboro-chris-viaud,2026-02-10
https://www.cheft.app/shows/chopped/2016,2026-02-10
https://www.cheft.app/restaurants/acacia-house-napa-valley,2026-02-10
https://www.cheft.app/restaurants/lemon-grove-at-the-aster-los-angeles,2026-02-10
https://www.cheft.app/shows/chopped/various,2026-02-10
https://www.cheft.app/restaurants/native-los-angeles-nyesha-arrington,2026-02-10
https://www.cheft.app/restaurants/cluck-n-cleaver-beltline-calgary,2026-02-10
https://cheft.app/restaurants/hop-springs-beer-park-murfreesboro,2026-02-10
https://cheft.app/shows/beat-bobby-flay/29,2026-02-10
https://cheft.app/restaurants/eve-ann-arbor,2026-02-10
https://cheft.app/restaurants/portico-waterloo-fabio-viviani,2026-02-10
https://cheft.app/restaurants/girl-the-goat,2026-02-10
https://cheft.app/restaurants/knife-italian-the-ritz-carlton-dallas-las-colinas-irving,2026-02-10
https://cheft.app/restaurants/41-ocean-santa-monica,2026-02-10
https://www.cheft.app/restaurants/pretty-bird-hot-chicken-downtown-salt-lake-city,2026-02-10
https://www.cheft.app/restaurants/mesa-centrale-grand-hyatt-scottsdale-resort-scottsdale,2026-02-10
https://www.cheft.app/shows/guys-grocery-games/2019,2026-02-10
https://cheft.app/restaurants/adelina-chicago-soo-ahn,2026-02-10
https://cheft.app/restaurants/playa-provisions-playa-del-rey-brooke-williamson,2026-02-10
https://www.cheft.app/shows/chopped/2015,2026-02-10
https://www.cheft.app/shows/top-chef/S03,2026-02-10
https://www.cheft.app/restaurants/root-bone-hendersonville,2026-02-10
https://www.cheft.app/restaurants/the-black-sheep-las-vegas-jamie-tran,2026-02-10
https://www.cheft.app/restaurants/a16-tokyo,2026-02-10
https://www.cheft.app/shows/beat-bobby-flay/26,2026-02-10
https://cheft.app/restaurants/stellas-southern-brasserie-greenville-anthony-gray,2026-02-10
https://cheft.app/restaurants/rosa-blanca-allentown-allentown,2026-02-10
https://cheft.app/shows/beat-bobby-flay/2023,2026-02-10
https://www.cheft.app/restaurants/the-view-new-york,2026-02-10
https://cheft.app/restaurants/el-super-pan-atlanta-hector-santiago-1,2026-02-10
https://cheft.app/restaurants/the-side-hustle-athens,2026-02-10
https://cheft.app/restaurants/navy-new-york,2026-02-10
https://cheft.app/restaurants/sobelini-jackson,2026-02-10
https://cheft.app/restaurants/kyma-hudson-yards-new-york-george-pagonis,2026-02-10
https://cheft.app/restaurants/kildare-s-west-chester-west-chester,2026-02-10
https://cheft.app/restaurants/sushi-by-scratch-santa-barbara-phillip-frankland-lee,2026-02-10
https://cheft.app/restaurants/bourbon-steak-new-york,2026-02-10
https://www.cheft.app/restaurants/junoon-new-york,2026-02-10
https://www.cheft.app/restaurants/tepuy-collective-new-york,2026-02-10
https://www.cheft.app/shows/beat-bobby-flay/season-2020,2026-02-10
https://www.cheft.app/restaurants/the-charleston-santa-monica,2026-02-10
https://www.cheft.app/shows/beat-bobby-flay/2022,2026-02-10
https://cheft.app/restaurants/king-bbq-north-charleston-shuai-wang,2026-02-10
https://www.cheft.app/restaurants/cabra-chicago-stephanie-izard,2026-02-10
https://www.cheft.app/restaurants/sushi-by-scratch-santa-barbara-phillip-frankland-lee,2026-02-10
https://cheft.app/restaurants/ai-pono-caf-durango-durango-casino-resort-las-vegas,2026-02-10
https://cheft.app/restaurants/dambrosi-cheltenham-andrew-dambrosi,2026-02-10
https://cheft.app/restaurants/trova-coastal-kitchen-humacao-janine-booth-5-jeff-mcinnis,2026-02-10
https://cheft.app/restaurants/rainbow-room-new-york,2026-02-10
https://www.cheft.app/restaurants/koko-ni-denver-paul-qui,2026-02-10
https://www.cheft.app/restaurants/tts-spokane-valley-chad-white,2026-02-10
https://www.cheft.app/shows/top-chef/S15,2026-02-10
https://www.cheft.app/restaurants/ms-chi-cafe-culver-city-shirley-chung,2026-02-10
https://www.cheft.app/restaurants/black-lodge-richmond-brittanny-anderson,2026-02-10
https://cheft.app/restaurants/stiltsville-fish-bar,2026-02-10
https://www.cheft.app/restaurants/kbc-dothan-kelsey-barnard-clark,2026-02-10
https://www.cheft.app/restaurants/skinny-joey-s-cheesesteaks-south-philadelphia,2026-02-10
https://www.cheft.app/restaurants/judy-s-asbury-park,2026-02-10
https://cheft.app/restaurants/silkies-chicken-champagne-bar-jacksonville-kenny-gilbert,2026-02-10
https://cheft.app/restaurants/voltaggio-brothers-steak-house-oxon-hill-national-harbor,2026-02-10
https://cheft.app/restaurants/south-pine-morristown-leia-gaccione,2026-02-10